Trainings Offered by Company,Certifications Given by Company,Number of Projects Worked On,Role,Employee Tenure (Years),Salary,Years Since Last Promotion,Hours Worked Monthly,KPI Score,Percentage Increase in Salary,Marital Status,Gender,Job Satisfaction,Education Status,Employee Leave
Yes,0,11,HR,13.2,97502.97,6,231,83.17,48.69,Married,Other,5,PhD,No
Yes,2,20,HR,11.8,56552.89,1,244,58.53,48.21,Married,Female,1,High School,Yes
No,3,13,Sales,9.8,47510.73,1,201,67.88,60.42,Single,Female,4,PhD,No
Yes,2,3,Sales,3.1,61292.89,1,164,71.89,50.18,Divorced,Female,5,Bachelor's,No
Yes,1,11,Manager,14.5,142170.99,5,211,81.09,13.9,Divorced,Female,2,High School,Yes
Yes,3,18,Manager,6.8,99497.15,5,177,93.92,16.56,Single,Other,2,High School,Yes
Yes,2,13,Sales,13.7,80109.37,4,164,54.65,7.71,Divorced,Male,3,PhD,No
Yes,2,11,Support,1.3,48289.37,2,216,90.75,64.35,Divorced,Male,4,Master's,No
No,3,16,Sales,2.3,69583.83,6,198,59.14,21.15,Divorced,Female,5,Bachelor's,No
Yes,2,18,Marketing,2.7,75580.77,2,195,70.04,18.69,Single,Other,3,Master's,No
Yes,3,2,Marketing,2.9,130003.53,10,152,98.12,36.22,Married,Female,3,PhD,No
Yes,2,20,Marketing,5.2,89916.18,10,165,63.59,71.73,Married,Female,2,High School,Yes
Yes,0,3,HR,10.8,108552.96,2,120,69.29,11.83,Divorced,Other,1,PhD,No
Yes,3,8,HR,5.5,112181.59,1,220,92.53,23.03,Married,Female,5,PhD,No
Yes,0,10,Marketing,14.1,60879.21,8,128,89.99,81.12,Single,Male,2,PhD,Yes
Yes,5,8,Marketing,13.5,128591.03,9,166,82.44,72.03,Married,Other,2,PhD,Yes
No,4,3,Support,12.8,145980.99,0,201,89.85,48.15,Single,Female,1,High School,No
Yes,0,14,Sales,4.1,107003.33,9,176,55.65,47.88,Divorced,Male,4,Bachelor's,No
No,2,4,HR,9.7,88871.47,10,146,84.81,21.07,Single,Other,4,High School,No
No,1,4,Marketing,8.5,50188.04,2,247,52.93,16.12,Single,Female,5,PhD,No
Yes,5,15,Support,2.3,125397.06,7,156,97.12,83.34,Single,Female,1,PhD,Yes
Yes,0,6,Engineer,4.9,50311.89,5,204,57.97,2.24,Divorced,Male,1,High School,Yes
No,5,10,Manager,8.2,116437.62,3,139,70.8,4.31,Married,Other,3,Master's,No
No,0,1,Marketing,7.8,88597.96,10,180,79.54,57.35,Married,Female,1,Master's,Yes
No,0,2,HR,2.9,140027.93,2,208,90.11,16.11,Single,Male,5,Master's,No
Yes,1,11,Marketing,14.2,95056.42,6,201,83.92,62.95,Single,Male,1,PhD,Yes
Yes,1,2,Engineer,2.7,107017.14,9,162,59.06,3.92,Married,Female,3,High School,No
No,0,10,Sales,10.1,37047.85,10,142,68.99,57.23,Divorced,Female,4,High School,No
Yes,4,12,HR,10.9,34058.85,7,205,67.93,5.59,Single,Other,1,Master's,Yes
Yes,1,12,Sales,9.3,131603.69,3,234,51.44,25.83,Married,Male,1,Master's,Yes
No,1,14,Manager,12.7,143422.57,1,122,84.22,18.0,Single,Male,5,High School,No
Yes,1,5,Support,8.7,110185.87,1,187,91.93,95.82,Single,Other,3,PhD,No
No,3,8,Sales,12.5,121720.66,2,173,98.67,59.94,Single,Female,1,Master's,No
No,5,17,Marketing,0.9,79487.07,1,183,56.53,56.36,Divorced,Other,5,Bachelor's,No
No,0,14,Support,1.2,131105.37,9,137,96.02,1.86,Divorced,Other,3,Bachelor's,Yes
Yes,4,19,Engineer,9.8,57772.01,6,209,55.65,71.95,Married,Other,2,High School,Yes
No,1,6,Sales,8.9,114860.35,5,185,70.56,66.17,Divorced,Other,3,PhD,No
Yes,3,6,Engineer,9.9,31096.98,6,147,52.3,28.35,Divorced,Other,2,Bachelor's,Yes
No,5,6,Support,11.6,90687.95,5,120,63.08,8.57,Single,Male,2,Master's,Yes
Yes,2,3,HR,6.5,74784.08,2,132,65.71,44.92,Married,Female,3,PhD,No
No,2,20,HR,9.8,104140.23,3,218,85.23,99.28,Single,Male,3,High School,No
No,1,13,Marketing,7.7,110010.57,4,232,83.9,86.73,Single,Other,5,Master's,No
Yes,4,20,Marketing,9.6,103982.32,10,227,88.38,17.06,Single,Male,3,PhD,Yes
Yes,4,8,Marketing,4.7,87984.5,1,162,78.83,83.04,Married,Female,4,High School,No
Yes,5,16,Engineer,14.4,88542.53,3,225,78.25,60.08,Single,Female,1,PhD,Yes
Yes,5,19,Manager,7.5,30793.48,8,246,98.89,79.46,Divorced,Other,3,Bachelor's,Yes
No,0,5,Manager,12.2,96197.23,9,216,83.49,82.05,Divorced,Female,2,Bachelor's,Yes
Yes,1,8,Manager,10.4,31422.12,9,209,66.92,18.19,Married,Female,2,High School,Yes
Yes,2,15,HR,4.8,93530.12,9,216,76.16,65.96,Divorced,Other,3,Bachelor's,No
Yes,0,9,HR,1.6,62968.89,4,145,85.03,26.45,Single,Male,1,High School,Yes
No,4,15,Manager,1.4,147297.52,0,242,54.76,72.42,Single,Male,1,Bachelor's,Yes
No,0,9,Support,6.9,32057.11,10,177,83.09,34.27,Married,Other,5,PhD,No
No,2,1,Marketing,7.5,127578.87,4,161,62.43,45.35,Divorced,Male,5,PhD,No
No,4,15,Sales,3.5,110883.95,3,235,67.29,59.06,Single,Other,5,High School,No
Yes,5,10,Support,9.3,126740.12,8,138,83.81,22.98,Divorced,Other,1,Master's,Yes
No,3,18,Support,5.0,139172.8,9,128,69.24,38.55,Divorced,Other,2,PhD,Yes
No,3,6,Manager,10.9,42841.97,8,195,91.95,10.86,Single,Male,5,PhD,No
Yes,5,3,Sales,11.1,41557.67,3,125,77.92,20.23,Single,Male,3,High School,No
No,1,15,Manager,13.0,47867.7,6,201,99.39,85.96,Married,Female,5,High School,No
Yes,0,12,Sales,14.6,53031.85,4,186,52.73,50.44,Single,Other,3,Master's,No
Yes,4,19,Marketing,2.4,93174.72,10,146,82.17,41.98,Married,Other,3,High School,No
Yes,5,10,Support,5.9,127825.73,0,138,57.85,14.96,Divorced,Other,2,Master's,No
Yes,5,14,HR,8.6,62078.97,3,207,92.44,9.63,Divorced,Male,3,High School,No
No,1,9,Manager,5.1,77627.57,7,163,92.59,47.59,Married,Female,5,PhD,No
No,0,15,Manager,7.3,74766.19,6,216,93.47,61.47,Married,Male,2,High School,Yes
No,5,10,Support,4.4,78723.29,1,161,53.74,3.9,Divorced,Other,2,Bachelor's,No
Yes,2,7,Support,4.1,97800.26,3,139,74.58,78.39,Single,Other,1,PhD,No
No,5,13,Marketing,1.9,148827.96,7,143,62.04,50.33,Single,Male,3,Bachelor's,No
Yes,4,16,Engineer,4.7,57102.87,10,206,98.51,11.75,Divorced,Female,5,Bachelor's,No
Yes,0,4,Manager,6.1,112085.0,9,243,52.52,48.22,Married,Male,3,High School,Yes
Yes,4,8,Sales,9.4,131744.05,1,127,61.14,13.03,Married,Other,5,High School,No
No,0,13,Marketing,4.1,108448.29,8,230,82.17,60.35,Divorced,Other,4,Bachelor's,No
No,2,19,Support,13.0,132986.3,0,162,70.16,82.75,Single,Other,1,PhD,No
No,4,12,Engineer,2.8,121150.3,5,231,61.75,89.7,Married,Male,2,High School,Yes
Yes,3,19,Manager,5.2,41220.06,5,160,72.95,77.49,Single,Male,1,PhD,Yes
Yes,5,10,Manager,8.9,75511.68,2,133,90.06,64.92,Married,Female,4,High School,No
No,2,10,Support,5.0,96324.17,6,145,72.4,52.2,Divorced,Male,1,Bachelor's,Yes
Yes,0,1,Support,11.6,36733.79,9,204,92.83,37.04,Married,Other,1,Bachelor's,Yes
No,4,13,Support,7.7,31134.02,6,172,72.35,4.34,Divorced,Male,4,High School,No
No,5,9,HR,8.0,50566.03,5,168,55.94,52.98,Married,Female,1,Bachelor's,Yes
No,2,1,Engineer,7.7,89983.01,8,224,74.87,22.95,Divorced,Female,1,High School,Yes
Yes,0,19,Marketing,5.0,82069.16,10,187,82.67,80.23,Divorced,Female,4,Master's,No
No,3,2,Support,0.8,124125.16,2,192,55.13,78.96,Married,Female,4,High School,No
Yes,3,20,Sales,14.2,97902.8,7,196,70.62,38.12,Single,Female,2,PhD,Yes
Yes,0,16,Manager,7.8,132955.24,1,180,77.86,58.9,Divorced,Other,5,Bachelor's,No
No,3,10,Marketing,14.5,41443.42,0,144,50.01,74.14,Single,Other,5,High School,No
No,2,8,HR,3.6,93379.1,9,132,54.54,76.15,Divorced,Other,4,High School,No
No,5,20,Support,5.6,35106.21,1,220,80.21,69.67,Married,Female,5,High School,No
No,3,12,Manager,1.2,55370.05,0,245,80.95,9.77,Married,Male,3,PhD,Yes
Yes,5,8,Engineer,7.7,134174.03,4,159,65.23,13.39,Divorced,Male,3,Bachelor's,No
Yes,1,7,Support,13.3,136506.52,3,133,75.42,47.71,Married,Male,3,High School,No
No,3,20,Support,10.0,87060.03,0,212,60.34,23.25,Married,Male,2,Bachelor's,No
Yes,1,9,Support,7.3,35587.44,0,120,83.57,85.91,Divorced,Male,5,PhD,No
Yes,5,5,Support,8.3,38921.77,6,229,97.52,28.33,Divorced,Male,1,Master's,Yes
Yes,4,4,Marketing,12.8,141070.18,8,142,68.17,87.68,Single,Other,4,PhD,No
Yes,5,2,Sales,6.7,137917.4,4,195,52.71,40.86,Single,Other,5,Master's,No
Yes,2,10,Support,13.3,97621.18,10,242,61.15,18.9,Divorced,Female,2,High School,Yes
No,4,15,Support,11.0,33948.21,8,171,72.72,70.91,Single,Other,1,Bachelor's,Yes
Yes,4,2,HR,11.6,141451.96,6,144,78.01,78.94,Married,Other,4,Master's,No
No,3,19,Marketing,5.8,67738.16,6,126,80.99,57.8,Married,Other,1,Bachelor's,Yes
No,3,12,Manager,6.3,145376.3,6,172,73.66,11.78,Married,Male,4,High School,No
No,3,5,Sales,8.8,100444.33,1,163,82.86,0.72,Divorced,Other,3,Bachelor's,No
No,5,3,Manager,3.3,120270.54,10,194,85.8,65.45,Married,Male,4,Master's,No
Yes,4,10,Manager,8.5,115525.37,8,140,55.7,68.78,Married,Male,4,High School,No
Yes,2,11,Engineer,1.6,77795.52,8,241,87.97,31.59,Single,Other,2,High School,Yes
No,2,14,Engineer,7.8,39232.5,9,149,61.09,36.23,Divorced,Male,2,Master's,Yes
No,1,6,Manager,11.6,49494.03,2,198,67.07,15.48,Divorced,Female,2,Bachelor's,No
Yes,0,7,HR,4.6,58856.66,4,221,91.49,65.16,Married,Male,5,PhD,No
No,2,5,Engineer,14.8,130158.07,1,240,98.22,25.36,Divorced,Other,3,Bachelor's,Yes
No,3,18,Engineer,10.4,76698.79,4,245,64.6,85.5,Single,Female,3,Master's,Yes
Yes,1,12,Engineer,2.2,137583.09,1,187,76.1,42.36,Single,Male,4,Bachelor's,No
No,3,17,Engineer,14.6,69807.58,8,143,85.1,36.56,Divorced,Other,2,PhD,Yes
Yes,4,17,Sales,6.2,120673.11,3,219,52.29,27.56,Married,Other,3,Bachelor's,No
No,4,9,Manager,12.0,46794.07,2,167,58.21,68.06,Divorced,Female,3,High School,No
Yes,5,6,Sales,5.4,148617.35,8,214,57.02,75.5,Single,Other,4,Bachelor's,No
Yes,3,9,Marketing,14.1,116899.63,5,217,85.84,41.32,Married,Other,4,High School,No
No,2,16,Marketing,11.4,90095.14,6,214,86.08,78.38,Divorced,Female,1,PhD,Yes
Yes,0,10,Support,3.4,146918.8,9,167,55.35,48.25,Single,Male,1,Bachelor's,Yes
Yes,3,11,Marketing,7.9,36443.57,10,234,80.54,37.02,Divorced,Female,4,High School,No
No,2,4,Sales,7.8,82450.59,10,131,59.38,55.49,Divorced,Female,1,PhD,Yes
Yes,1,15,Support,1.2,130640.96,10,187,96.51,25.38,Married,Female,3,High School,No
Yes,3,3,Manager,2.5,70871.13,10,232,69.64,30.67,Single,Male,4,High School,No
No,1,5,Marketing,5.3,122280.68,1,239,72.85,34.44,Divorced,Male,4,High School,No
No,2,8,Engineer,7.4,144583.01,4,187,89.07,70.55,Divorced,Male,2,Bachelor's,Yes
Yes,2,13,Marketing,7.1,77604.37,6,177,85.84,73.58,Married,Male,3,High School,No
Yes,2,18,HR,9.3,122826.59,3,188,55.39,85.5,Divorced,Male,3,Master's,No
No,2,12,Engineer,8.0,33555.08,0,135,70.72,65.93,Single,Female,5,PhD,No
No,4,3,Engineer,5.3,62799.24,3,158,96.33,74.78,Divorced,Male,5,PhD,No
Yes,5,13,Engineer,9.4,149110.31,1,144,91.87,44.66,Married,Female,2,Bachelor's,No
Yes,2,1,Support,2.9,88872.41,6,141,79.44,69.93,Married,Female,5,Bachelor's,No
Yes,4,9,Marketing,14.9,72697.34,1,208,88.61,16.18,Married,Male,1,Bachelor's,No
Yes,0,18,Engineer,11.2,142937.14,7,225,72.53,21.45,Divorced,Other,4,Master's,No
Yes,4,4,Support,4.8,81821.75,9,178,82.92,40.06,Married,Other,1,PhD,Yes
No,1,15,HR,5.4,111563.38,9,135,97.81,33.84,Single,Male,3,PhD,No
Yes,0,12,Sales,12.5,109280.63,0,219,56.73,55.06,Single,Male,5,Bachelor's,No
Yes,1,9,HR,8.2,40283.29,4,227,74.94,69.71,Divorced,Male,1,Bachelor's,Yes
Yes,5,19,Manager,10.8,104233.91,10,241,76.52,70.68,Divorced,Male,3,High School,Yes
No,3,13,Support,4.8,125766.62,10,180,52.43,16.07,Single,Female,5,Bachelor's,No
Yes,3,12,Support,12.3,115573.02,2,241,96.77,96.46,Single,Other,4,PhD,No
No,4,4,Engineer,5.8,39844.56,1,196,91.94,0.53,Single,Female,4,High School,No
No,1,8,HR,10.3,48506.52,0,140,74.15,9.11,Single,Other,5,Master's,No
Yes,5,16,Marketing,14.7,115401.26,2,221,75.42,14.53,Single,Female,4,Master's,No
Yes,3,1,Manager,9.0,106068.11,0,128,96.06,92.59,Single,Female,2,PhD,No
No,5,20,Support,12.1,118758.63,2,248,58.86,43.54,Single,Male,5,High School,No
No,5,18,HR,11.0,68001.39,7,157,78.93,6.41,Married,Female,2,Bachelor's,Yes
No,3,11,Engineer,10.5,42786.11,5,150,86.52,22.18,Single,Female,5,Bachelor's,No
No,3,20,Marketing,0.9,30623.43,8,234,56.42,8.0,Single,Male,2,High School,Yes
No,0,8,Engineer,7.4,66992.09,8,164,69.37,3.78,Single,Other,4,High School,No
Yes,0,3,Manager,14.5,73190.1,4,162,80.03,38.43,Divorced,Other,4,Master's,No
Yes,2,15,HR,11.9,62371.97,2,174,94.13,98.44,Divorced,Female,1,Bachelor's,No
Yes,1,10,Engineer,11.8,45900.84,5,169,75.21,61.4,Married,Other,3,PhD,No
Yes,3,14,Manager,8.9,52487.01,2,152,69.23,52.1,Divorced,Female,2,Bachelor's,No
No,5,4,Support,11.0,83861.24,4,130,98.98,71.16,Married,Female,5,Master's,No
Yes,1,5,Marketing,9.0,96568.8,1,228,95.8,59.75,Divorced,Other,4,High School,No
Yes,2,2,HR,3.0,78965.3,0,140,88.12,94.57,Divorced,Other,4,Bachelor's,No
Yes,5,2,HR,9.6,33151.43,5,231,63.68,82.02,Divorced,Other,5,High School,No
Yes,4,10,Manager,9.5,72469.71,6,171,98.18,64.03,Divorced,Other,3,Bachelor's,No
Yes,2,16,HR,12.7,41167.71,4,157,98.52,43.9,Married,Other,5,PhD,No
Yes,3,4,Marketing,2.6,101765.26,8,186,72.64,20.17,Single,Other,2,PhD,Yes
Yes,4,4,Marketing,10.4,68931.64,1,201,56.67,65.69,Married,Other,2,Bachelor's,No
Yes,4,8,HR,1.0,76228.55,4,137,70.64,80.39,Single,Other,1,Bachelor's,Yes
Yes,2,18,Engineer,14.2,65021.68,9,142,85.0,28.6,Divorced,Male,5,High School,No
No,3,5,Engineer,2.1,76535.95,10,219,87.42,3.36,Divorced,Other,4,High School,No
Yes,5,13,Marketing,0.8,40163.94,1,221,64.95,59.95,Single,Male,1,Master's,Yes
Yes,4,15,Engineer,5.0,138136.33,7,203,85.07,51.58,Single,Female,5,Master's,No
No,2,12,Manager,2.7,138624.91,7,190,93.04,23.17,Single,Female,5,Bachelor's,No
No,2,18,Sales,10.5,147380.77,8,237,85.59,16.95,Divorced,Male,4,PhD,No
Yes,5,14,Support,6.5,98635.25,5,123,96.78,3.61,Married,Male,3,Master's,No
Yes,3,19,HR,11.7,50349.95,0,227,81.63,23.93,Single,Other,5,Master's,No
No,2,5,Manager,13.8,75687.84,7,148,60.04,0.03,Married,Other,1,PhD,Yes
Yes,2,14,Marketing,13.2,46660.81,9,226,81.21,15.74,Divorced,Female,4,High School,No
No,2,4,Sales,11.2,66135.75,2,158,64.53,99.68,Single,Other,2,High School,No
No,1,16,Support,1.4,89174.87,5,157,67.26,77.97,Married,Male,3,High School,No
Yes,0,20,Marketing,2.5,37592.06,2,145,83.62,35.31,Divorced,Other,4,Bachelor's,No
Yes,5,14,Sales,3.5,82161.15,4,147,99.07,39.51,Divorced,Female,1,Bachelor's,Yes
Yes,1,9,Manager,5.2,80532.28,1,145,82.5,58.61,Married,Other,5,High School,No
No,2,2,Sales,10.1,88107.76,9,193,97.92,51.77,Married,Other,1,PhD,Yes
No,0,12,Engineer,8.1,39230.56,10,208,75.19,73.69,Divorced,Male,5,High School,No
No,5,7,Manager,5.0,60203.97,1,225,84.72,6.86,Single,Male,4,High School,No
No,4,15,HR,3.0,59590.81,3,187,66.12,9.02,Divorced,Female,3,Bachelor's,No
No,5,15,Marketing,13.7,105004.04,8,218,55.77,28.45,Married,Female,4,PhD,No
Yes,1,8,Engineer,5.5,101256.77,0,244,67.61,82.98,Divorced,Female,1,Master's,Yes
Yes,1,12,HR,5.6,53465.79,0,241,74.02,91.5,Single,Female,1,PhD,Yes
Yes,1,4,Sales,11.7,42836.68,0,129,78.53,34.81,Divorced,Female,2,Bachelor's,No
No,5,12,Engineer,11.0,66558.96,3,164,83.36,96.33,Single,Female,2,Master's,No
No,3,18,HR,9.8,143858.82,0,190,70.87,27.65,Married,Male,5,Bachelor's,No
Yes,2,12,Manager,10.6,69866.07,7,223,87.39,60.64,Single,Female,1,High School,Yes
Yes,5,2,Sales,9.3,104423.06,5,156,92.07,19.45,Single,Female,2,Master's,Yes
Yes,4,13,HR,3.3,126489.18,6,222,64.3,92.97,Divorced,Other,2,Bachelor's,Yes
Yes,4,9,Sales,4.1,69545.01,2,129,92.37,57.49,Single,Male,4,High School,No
No,4,7,HR,8.6,70168.35,2,221,90.42,26.11,Single,Other,5,Bachelor's,No
Yes,2,4,Marketing,3.8,127857.06,0,204,76.14,40.71,Divorced,Other,3,PhD,No
No,0,15,Manager,14.6,133141.02,8,180,51.26,10.65,Single,Male,4,Bachelor's,No
Yes,1,3,Engineer,4.8,146907.05,10,132,57.27,7.24,Divorced,Female,5,PhD,No
No,2,7,HR,4.7,46334.94,6,241,83.51,29.43,Married,Other,5,Bachelor's,No
No,1,20,Sales,3.5,68479.82,3,188,60.0,94.7,Single,Female,4,High School,No
Yes,2,1,Manager,10.7,143673.47,5,215,87.51,80.29,Single,Male,2,PhD,Yes
Yes,1,2,Engineer,5.1,54102.18,3,125,58.05,95.67,Divorced,Other,2,PhD,No
No,2,11,Sales,5.6,67701.99,6,206,64.33,87.61,Divorced,Other,3,High School,No
Yes,0,8,Manager,14.0,145748.95,5,197,62.53,81.31,Single,Male,3,PhD,No
Yes,5,5,Sales,12.0,146247.03,4,199,91.97,57.49,Divorced,Male,5,Bachelor's,No
Yes,4,19,Support,4.5,64973.78,1,191,84.53,69.42,Divorced,Other,3,Bachelor's,No
Yes,1,7,Support,2.3,113394.93,9,245,64.76,96.61,Single,Other,4,PhD,No
Yes,2,3,Manager,10.3,88920.88,5,145,87.68,56.32,Divorced,Other,3,Bachelor's,No
Yes,0,18,Engineer,6.0,99105.51,1,178,51.62,77.0,Divorced,Male,1,PhD,No
No,0,7,Engineer,14.7,59090.92,8,154,90.7,75.75,Divorced,Female,5,Master's,No
No,4,19,Sales,12.4,75126.64,10,196,55.12,96.12,Married,Female,1,Bachelor's,Yes
No,2,7,Manager,14.3,127979.34,0,233,93.4,45.88,Divorced,Female,5,PhD,No
Yes,5,8,HR,12.2,77152.22,2,202,86.97,46.07,Single,Female,5,Bachelor's,No
No,1,11,Support,4.7,43666.54,3,188,93.24,58.68,Divorced,Male,4,Master's,No
Yes,5,5,Engineer,4.7,97662.06,8,226,87.12,2.74,Divorced,Male,2,Master's,Yes
Yes,3,20,Support,10.9,101067.24,0,142,78.06,11.63,Married,Female,3,Bachelor's,No
No,0,1,HR,5.5,95475.49,6,168,61.88,6.76,Divorced,Other,1,Master's,Yes
Yes,0,9,HR,6.9,111805.52,1,233,89.22,63.37,Married,Other,3,Bachelor's,Yes
No,4,5,Marketing,4.2,96011.9,7,174,89.94,99.42,Divorced,Male,5,High School,No
No,2,5,Sales,7.4,144360.55,4,224,64.38,67.69,Divorced,Female,1,High School,Yes
No,3,18,Sales,3.4,85394.67,4,244,83.22,22.99,Married,Male,1,Master's,Yes
No,3,9,Sales,8.3,115004.05,5,215,96.32,31.57,Single,Female,5,Bachelor's,No
No,3,6,Manager,14.0,82614.59,1,134,69.38,95.54,Single,Female,3,High School,No
No,2,4,Engineer,10.6,64959.74,8,160,97.84,51.65,Single,Other,1,PhD,Yes
Yes,1,1,Engineer,2.5,113140.23,7,136,98.79,0.97,Divorced,Other,3,PhD,No
Yes,0,5,Marketing,9.4,128275.87,0,199,65.63,83.22,Married,Other,1,PhD,No
No,2,1,Support,9.0,125478.82,5,249,77.61,24.83,Divorced,Male,2,Bachelor's,Yes
Yes,3,12,Marketing,4.0,79096.99,3,223,50.65,9.3,Married,Other,4,Master's,No
Yes,0,8,Marketing,10.2,89916.39,4,154,62.57,67.37,Divorced,Other,5,Bachelor's,No
Yes,0,19,HR,8.2,106000.32,9,127,81.03,82.11,Single,Male,4,Master's,No
No,3,11,Sales,9.8,59042.54,4,164,89.05,7.6,Divorced,Male,3,Bachelor's,No
Yes,3,1,Manager,1.3,109039.56,9,169,93.51,93.14,Divorced,Male,4,Bachelor's,No
Yes,0,6,Engineer,6.5,115828.37,3,171,91.5,47.66,Married,Other,4,Bachelor's,No
No,4,9,Manager,10.9,124689.21,7,134,95.57,35.35,Married,Female,4,High School,No
Yes,5,2,Sales,2.0,38875.82,5,183,85.23,89.43,Married,Other,4,PhD,No
Yes,5,5,Sales,11.7,148884.07,9,128,82.38,26.91,Divorced,Female,5,PhD,No
Yes,0,14,Engineer,0.6,87508.16,7,236,87.76,94.71,Married,Male,2,Bachelor's,Yes
Yes,1,17,HR,8.5,78096.61,3,132,77.33,68.31,Married,Other,2,PhD,No
Yes,1,4,Support,14.0,90793.52,8,212,80.17,90.99,Married,Other,4,PhD,No
Yes,4,3,Marketing,6.4,140447.06,3,170,88.81,49.9,Divorced,Female,2,Master's,No
Yes,2,16,HR,14.1,113005.06,2,190,98.21,19.97,Married,Other,2,High School,No
No,0,15,Sales,13.2,95237.42,0,214,64.71,73.54,Divorced,Other,5,PhD,No
Yes,1,12,Sales,7.4,124886.51,6,238,58.87,87.27,Married,Other,4,Bachelor's,No
Yes,0,17,HR,3.4,73143.54,0,249,84.13,20.68,Divorced,Male,3,Bachelor's,Yes
Yes,4,19,Marketing,14.5,137460.18,3,221,59.35,20.28,Single,Female,4,Master's,No
Yes,3,4,Marketing,5.2,94428.72,8,151,58.69,24.97,Divorced,Other,2,PhD,Yes
No,4,15,Sales,9.9,106581.64,5,127,75.69,61.86,Divorced,Female,3,Bachelor's,No
No,4,17,Support,13.7,40197.83,10,181,68.86,15.6,Single,Male,2,Bachelor's,Yes
No,4,8,Marketing,1.8,122274.49,0,215,71.43,10.67,Married,Male,2,High School,No
Yes,1,20,Marketing,8.8,108912.2,5,245,77.83,92.02,Divorced,Female,1,PhD,Yes
No,4,2,Engineer,8.3,72601.06,0,234,56.5,67.58,Divorced,Other,1,High School,Yes
Yes,3,17,Support,11.0,107639.98,10,165,79.2,66.34,Married,Other,1,High School,Yes
No,3,10,Engineer,14.1,35315.6,6,241,62.75,61.38,Married,Male,2,PhD,Yes
No,3,15,Manager,13.7,148032.98,4,209,66.53,76.42,Married,Male,4,High School,No
Yes,2,1,HR,3.0,111296.63,1,208,85.48,54.15,Married,Male,4,PhD,No
No,4,2,Sales,13.3,77954.13,3,161,57.74,4.23,Married,Male,2,PhD,No
No,3,16,Marketing,3.0,120321.93,8,186,57.69,48.23,Single,Other,1,PhD,Yes
No,2,13,Manager,13.8,145886.01,3,143,66.13,62.07,Divorced,Male,2,High School,No
Yes,4,14,Engineer,15.0,81654.67,6,192,52.54,49.23,Single,Female,4,PhD,No
Yes,4,4,Marketing,6.3,31265.73,7,127,96.62,98.54,Married,Female,4,PhD,No
No,0,16,HR,7.7,61048.6,0,218,80.78,89.7,Divorced,Female,5,Bachelor's,No
Yes,4,15,Engineer,14.1,91281.15,2,132,83.09,86.88,Single,Other,4,High School,No
Yes,5,3,Support,14.5,92255.73,4,161,74.53,49.08,Divorced,Female,5,High School,No
Yes,0,3,Support,13.9,99662.2,1,174,78.63,98.44,Single,Female,2,PhD,No
No,1,11,Sales,13.2,99028.25,0,176,67.9,91.6,Married,Other,4,Bachelor's,No
Yes,5,20,Marketing,0.6,83493.43,3,177,89.2,28.03,Single,Male,5,Bachelor's,No
No,1,5,Manager,8.7,76936.1,8,172,65.89,22.21,Married,Male,4,Master's,No
Yes,2,3,Sales,2.1,122681.07,6,188,61.0,57.67,Single,Male,5,Master's,No
Yes,5,5,Marketing,14.8,100630.79,5,224,59.19,5.41,Single,Male,4,Bachelor's,No
No,0,9,Marketing,4.6,90055.89,7,125,53.41,79.93,Married,Male,4,High School,No
No,1,20,Marketing,14.8,71396.09,1,122,75.26,47.83,Single,Other,3,High School,No
Yes,1,19,Marketing,8.4,32947.52,9,241,70.8,54.08,Divorced,Female,2,PhD,Yes
No,1,18,Marketing,7.7,42545.92,1,153,76.85,50.25,Married,Male,2,Master's,No
No,4,11,Sales,14.1,79917.05,8,164,54.6,39.37,Divorced,Female,4,Bachelor's,No
Yes,0,13,HR,12.8,145407.34,2,122,61.06,68.63,Divorced,Female,5,PhD,No
No,1,20,HR,7.3,43928.32,10,177,60.67,17.48,Divorced,Female,1,High School,Yes
Yes,0,17,Sales,3.3,142881.14,6,184,66.59,97.65,Divorced,Other,5,PhD,No
Yes,3,10,Support,2.1,47001.02,1,198,68.04,69.82,Divorced,Male,4,PhD,No
No,3,15,HR,2.9,67426.84,9,190,60.92,46.01,Single,Other,2,Bachelor's,Yes
Yes,5,17,Manager,7.2,84639.92,9,228,87.63,68.92,Single,Female,5,PhD,No
Yes,4,20,Manager,4.2,54824.08,0,216,76.52,1.18,Single,Male,3,Bachelor's,No
Yes,3,14,Support,3.2,87951.12,6,209,99.83,21.08,Married,Male,4,Master's,No
No,2,4,Sales,11.2,87139.5,10,237,91.18,58.1,Married,Other,5,PhD,No
No,0,4,Manager,12.0,82579.91,2,184,99.06,32.54,Single,Other,5,High School,No
Yes,1,18,Sales,8.7,113611.59,3,175,50.44,61.28,Single,Female,3,High School,No
No,2,7,Manager,11.5,68269.14,4,239,83.45,25.97,Married,Female,1,PhD,Yes
Yes,5,14,Engineer,3.0,66031.69,4,197,72.28,54.86,Married,Female,1,Master's,Yes
No,2,15,Support,12.9,127222.31,5,221,95.22,23.71,Divorced,Female,5,High School,No
No,5,8,Support,13.5,43810.23,6,146,80.69,47.13,Single,Male,4,Master's,No
No,3,14,Support,12.5,131901.6,5,121,81.06,61.31,Single,Other,3,PhD,No
Yes,0,11,Sales,8.0,107756.39,5,250,97.94,36.59,Married,Other,1,Master's,Yes
Yes,5,15,Marketing,1.8,111256.72,7,215,84.13,49.88,Married,Male,5,Bachelor's,No
No,1,13,Support,10.2,49722.49,4,192,66.05,21.05,Single,Male,4,High School,No
No,2,14,Manager,3.2,148068.06,3,196,95.8,70.07,Divorced,Other,1,Master's,No
Yes,5,4,Engineer,2.5,59269.55,1,147,97.25,37.23,Married,Female,2,High School,No
Yes,4,11,Sales,5.2,50934.39,3,243,69.29,85.43,Divorced,Other,5,Master's,No
No,5,14,Manager,4.1,49216.29,2,136,77.01,27.96,Single,Other,3,High School,No
Yes,1,11,Marketing,4.3,97181.87,9,206,64.14,17.99,Divorced,Other,4,High School,No
No,3,9,Manager,3.9,145015.51,1,190,95.57,13.11,Single,Male,5,PhD,No
Yes,0,12,Support,11.4,57822.67,2,203,91.11,57.59,Divorced,Male,1,Master's,No
No,4,5,Engineer,14.3,78605.69,1,190,68.75,22.86,Married,Male,5,PhD,No
No,1,16,Support,4.9,52134.21,2,186,90.14,9.99,Married,Male,5,High School,No
Yes,5,3,HR,11.0,106857.47,7,196,72.28,26.99,Single,Male,1,Master's,Yes
Yes,1,3,Support,0.7,81856.13,7,168,52.19,23.58,Married,Other,2,Master's,Yes
Yes,2,3,HR,10.0,33503.07,5,158,94.91,43.22,Divorced,Female,4,Bachelor's,No
Yes,1,3,Support,10.5,103692.83,6,181,59.63,38.09,Divorced,Male,1,High School,Yes
Yes,0,14,Engineer,1.4,53678.93,1,134,75.69,14.58,Divorced,Male,5,Bachelor's,No
No,0,4,Engineer,2.2,101064.38,8,223,97.41,95.91,Single,Male,5,Bachelor's,No
Yes,1,12,Sales,4.9,76660.29,5,201,58.37,14.95,Divorced,Other,3,Master's,No
No,2,5,Support,6.4,114568.27,3,155,97.81,80.57,Divorced,Other,5,Bachelor's,No
Yes,4,18,HR,7.8,54694.14,7,126,76.9,17.66,Married,Other,1,High School,Yes
Yes,5,2,Sales,13.5,120279.06,4,247,50.37,49.96,Single,Female,3,PhD,Yes
No,4,19,Manager,10.7,127047.57,7,195,53.27,99.56,Divorced,Female,5,Bachelor's,No
No,2,18,Engineer,5.0,37507.65,4,186,83.52,84.94,Divorced,Male,1,Bachelor's,Yes
Yes,3,18,Sales,2.2,42210.25,1,227,88.68,51.7,Married,Male,4,Master's,No
No,0,11,Engineer,13.8,134637.52,1,223,93.25,72.06,Single,Male,4,Master's,No
Yes,3,4,Sales,4.8,52435.18,2,219,71.21,78.53,Single,Female,5,Master's,No
Yes,5,14,Manager,9.4,69118.19,10,129,55.2,30.0,Married,Male,4,PhD,No
Yes,2,12,Manager,3.7,84906.05,4,168,76.89,56.21,Married,Male,5,Master's,No
No,5,14,Marketing,2.4,61482.41,9,207,85.14,56.78,Married,Other,3,High School,No
No,3,2,HR,2.7,133516.39,0,176,98.81,39.84,Married,Female,4,High School,No
Yes,2,10,Marketing,11.3,93325.8,3,241,88.76,69.05,Single,Other,3,Master's,Yes
Yes,4,20,HR,9.3,106693.03,5,211,82.33,6.0,Single,Other,3,Master's,No
Yes,4,10,Manager,6.5,101636.5,2,249,96.99,81.38,Divorced,Other,3,PhD,Yes
Yes,3,12,Sales,8.5,103357.01,1,196,87.34,47.65,Divorced,Other,2,PhD,No
No,3,4,Support,7.3,100440.57,3,163,57.69,62.99,Divorced,Other,1,High School,No
Yes,0,19,Engineer,8.3,71750.96,5,166,72.96,44.99,Single,Other,5,PhD,No
Yes,4,17,Manager,10.1,131462.14,6,195,66.59,33.47,Divorced,Other,3,Master's,No
No,0,7,Manager,3.7,104083.52,8,144,54.38,36.1,Divorced,Male,5,PhD,No
No,3,5,Sales,4.1,127648.59,0,240,52.71,56.04,Married,Female,3,Master's,Yes
Yes,5,16,Support,11.4,114718.6,10,152,89.71,93.18,Single,Other,1,High School,Yes
No,2,8,Manager,13.2,65693.38,4,186,77.9,25.77,Married,Other,4,Bachelor's,No
Yes,4,4,Manager,1.7,103738.14,4,166,78.75,1.98,Divorced,Female,5,PhD,Yes
Yes,2,12,Sales,7.0,40170.24,2,205,61.38,12.12,Single,Male,2,High School,No
No,0,18,Manager,10.7,46073.73,0,142,62.93,86.74,Married,Male,5,High School,No
Yes,0,12,HR,1.6,44143.4,6,176,69.4,96.31,Divorced,Female,1,PhD,Yes
No,1,4,HR,8.7,66645.6,7,210,81.51,19.9,Divorced,Female,3,Bachelor's,No
Yes,5,9,Support,1.4,51965.34,8,177,71.65,57.59,Single,Female,5,Master's,No
Yes,4,19,HR,8.4,113212.39,8,198,50.84,64.91,Married,Female,1,High School,Yes
No,4,8,HR,7.8,91298.98,3,227,83.66,17.45,Divorced,Male,3,High School,Yes
No,0,14,Manager,8.8,80188.69,1,204,76.74,78.03,Divorced,Female,4,Bachelor's,No
No,5,18,Engineer,2.7,46544.08,7,215,82.07,35.51,Single,Other,1,Master's,Yes
Yes,2,20,HR,5.3,76045.2,1,186,80.92,67.32,Single,Male,2,High School,No
Yes,4,20,Support,8.0,52290.44,2,195,87.8,48.75,Single,Female,5,Bachelor's,No
Yes,0,18,HR,2.2,106260.2,1,238,79.28,73.65,Divorced,Female,1,PhD,Yes
Yes,1,1,Manager,3.5,113211.95,0,150,85.04,88.96,Divorced,Male,3,Bachelor's,No
No,3,20,Marketing,9.0,107431.21,0,240,53.63,38.11,Married,Male,3,Bachelor's,Yes
No,4,9,Manager,1.8,149987.95,3,133,96.4,28.65,Married,Other,2,High School,No
No,5,1,Sales,7.9,96589.51,2,138,55.31,63.17,Divorced,Female,5,Master's,No
Yes,3,6,Support,12.2,88757.04,3,240,89.34,14.48,Divorced,Female,3,PhD,Yes
No,2,9,HR,7.1,46835.58,6,169,65.07,16.76,Divorced,Other,3,Bachelor's,No
No,1,10,Sales,7.9,67749.6,5,248,54.33,80.77,Single,Female,3,PhD,Yes
No,4,11,HR,7.1,84120.12,10,150,88.26,33.74,Single,Other,1,Master's,Yes
No,3,12,Marketing,1.3,36433.35,10,217,71.88,63.13,Married,Male,1,PhD,Yes
Yes,5,1,Engineer,7.2,73084.7,10,196,69.76,57.16,Married,Other,5,PhD,No
Yes,3,6,Marketing,12.2,31150.01,1,225,83.04,84.89,Married,Male,2,High School,Yes
No,0,5,Manager,11.0,46384.17,9,133,73.7,7.13,Single,Other,5,Master's,No
Yes,3,19,Manager,6.2,127825.91,9,158,76.67,16.2,Single,Male,2,Bachelor's,Yes
No,2,13,Sales,12.3,145659.49,4,155,56.82,22.82,Married,Male,4,High School,No
Yes,3,3,Sales,11.3,90652.56,1,171,69.55,31.69,Single,Other,3,High School,No
Yes,2,5,Manager,8.9,89396.38,0,207,89.87,29.14,Married,Other,2,Bachelor's,No
No,2,1,Support,1.2,112163.6,1,224,77.29,26.75,Divorced,Other,3,Master's,Yes
No,5,3,Manager,5.5,79875.65,3,237,98.01,64.46,Divorced,Other,2,PhD,Yes
No,0,17,Manager,1.4,130787.02,10,156,57.2,27.12,Single,Male,4,Master's,No
No,1,7,HR,14.9,88643.94,7,200,83.86,44.49,Divorced,Female,2,Master's,Yes
Yes,2,13,Marketing,14.1,39920.48,2,166,95.71,86.28,Married,Other,5,PhD,No
No,3,14,Support,1.5,33703.28,1,140,89.75,36.32,Married,Other,1,PhD,No
Yes,5,15,HR,14.0,121326.79,5,244,86.47,58.69,Single,Other,3,PhD,Yes
No,3,11,Engineer,1.0,65050.79,1,205,68.66,96.55,Married,Other,1,Master's,No
Yes,2,6,Support,6.4,62982.35,0,165,97.47,41.4,Divorced,Female,2,Bachelor's,No
No,5,12,HR,11.7,94513.03,7,200,77.68,18.39,Married,Female,5,Master's,No
Yes,3,10,Manager,11.6,50185.08,0,134,77.75,2.31,Divorced,Other,2,Bachelor's,No
Yes,4,11,HR,14.7,84878.57,2,121,56.16,72.78,Single,Female,4,Master's,No
No,0,19,Sales,9.9,119102.19,9,235,50.25,66.2,Single,Female,4,Bachelor's,No
No,3,20,Support,6.6,121910.35,6,190,79.83,94.04,Married,Other,4,PhD,No
Yes,0,3,Manager,14.9,95967.14,6,173,76.86,70.07,Divorced,Other,2,Master's,Yes
No,2,2,Marketing,6.0,43585.32,7,163,97.35,8.01,Single,Other,4,Master's,No
No,2,5,HR,13.1,43704.8,0,160,65.23,16.69,Married,Female,2,High School,No
Yes,2,6,Manager,13.6,123013.56,6,245,87.41,10.3,Married,Male,2,Bachelor's,Yes
No,0,20,Support,5.9,128793.94,10,142,95.18,6.38,Divorced,Other,5,Master's,No
No,3,2,Sales,10.4,74023.41,6,153,67.19,87.87,Divorced,Other,3,Master's,No
No,4,3,Sales,10.1,128713.31,2,231,70.63,54.84,Single,Female,1,PhD,Yes
No,0,9,Support,8.3,34993.26,5,229,82.3,2.64,Divorced,Other,3,Bachelor's,Yes
No,5,15,Support,10.0,116277.63,3,223,75.63,39.7,Divorced,Other,1,Bachelor's,Yes
No,4,14,HR,5.5,95562.39,2,229,58.05,76.5,Divorced,Other,1,Master's,Yes
Yes,3,16,Manager,3.1,148773.09,4,242,61.04,8.33,Divorced,Female,2,Bachelor's,Yes
Yes,3,20,Marketing,8.3,42289.97,4,218,91.74,26.25,Single,Female,4,Bachelor's,No
No,0,15,Support,8.2,129608.49,7,121,59.72,15.53,Single,Male,4,Bachelor's,No
No,1,14,Support,11.1,120161.46,2,129,59.07,65.48,Single,Other,4,Bachelor's,No
Yes,4,9,Engineer,3.7,65725.07,0,171,89.98,88.55,Married,Male,3,Bachelor's,No
No,2,7,Sales,0.6,149917.52,9,215,92.61,30.94,Married,Other,4,High School,No
No,4,17,Engineer,0.8,83967.88,9,123,92.57,24.74,Married,Female,5,High School,No
Yes,3,4,Marketing,4.8,71829.24,9,202,96.62,28.42,Divorced,Male,2,Master's,Yes
No,5,12,Support,10.3,128007.43,3,168,99.72,62.65,Divorced,Male,4,Bachelor's,No
No,3,14,HR,8.4,82688.39,10,124,73.06,13.13,Single,Male,4,PhD,No
Yes,0,4,Sales,8.2,149274.92,4,121,77.48,83.85,Single,Male,4,Master's,No
No,1,10,Engineer,12.4,123075.8,7,183,64.53,2.86,Divorced,Female,3,Master's,No
No,2,19,Sales,4.1,58433.53,6,177,53.37,66.35,Married,Other,2,Bachelor's,Yes
No,4,16,Engineer,5.5,127284.33,8,208,54.91,86.04,Married,Male,5,Bachelor's,No
No,1,17,Support,4.5,100550.87,7,199,86.28,32.52,Married,Other,4,High School,No
No,2,10,Manager,14.1,72075.7,0,153,74.36,47.62,Married,Male,1,Master's,No
Yes,3,2,Manager,11.0,115290.48,1,146,66.54,97.5,Single,Other,3,Master's,No
No,5,8,HR,2.1,105932.48,4,218,56.41,54.06,Married,Female,4,Bachelor's,No
Yes,3,13,Marketing,12.2,49917.79,6,248,82.77,27.24,Married,Female,4,Master's,No
Yes,0,20,Sales,6.6,46708.2,2,198,55.0,44.48,Divorced,Male,3,PhD,No
No,0,2,Marketing,11.6,54794.36,6,162,80.98,96.95,Divorced,Female,5,Bachelor's,No
No,5,1,Engineer,13.3,54833.13,3,136,95.01,69.76,Single,Female,1,Master's,No
Yes,4,7,Support,0.7,37122.94,10,131,65.89,17.7,Married,Other,1,High School,Yes
Yes,1,10,HR,3.5,72097.86,8,196,72.53,59.76,Single,Other,5,High School,No
No,5,7,Manager,2.0,63730.2,3,194,80.82,63.1,Married,Male,3,PhD,No
Yes,1,5,Manager,1.0,94652.23,10,236,65.28,63.59,Divorced,Male,4,PhD,No
Yes,2,9,HR,9.2,68838.43,8,206,79.21,56.4,Married,Other,5,Bachelor's,No
Yes,4,10,Sales,10.7,114486.45,0,231,78.28,52.35,Divorced,Male,3,PhD,Yes
Yes,0,11,Marketing,1.2,64719.99,6,154,68.22,63.95,Single,Other,3,Master's,No
Yes,4,4,Engineer,11.2,62081.17,5,207,65.82,30.97,Married,Female,3,Bachelor's,No
Yes,3,1,Marketing,6.3,132962.02,7,245,71.42,34.72,Single,Female,3,High School,Yes
No,0,16,Manager,3.9,148258.6,8,211,50.24,53.97,Single,Male,1,Master's,Yes
Yes,1,14,HR,3.7,111515.92,7,168,62.31,80.47,Single,Female,3,Master's,No
No,0,6,Manager,13.0,41427.02,5,162,61.08,44.19,Divorced,Female,5,PhD,No
No,3,5,Support,1.3,145532.64,9,223,86.99,36.58,Married,Other,4,Master's,No
Yes,0,13,Manager,7.8,124282.93,8,124,71.81,25.98,Single,Other,4,Bachelor's,No
No,5,18,Engineer,4.7,140252.25,5,178,92.01,30.36,Divorced,Female,2,PhD,Yes
No,1,8,Sales,12.3,149098.35,6,177,56.72,0.01,Single,Male,5,Master's,No
No,3,17,Sales,11.1,134045.71,4,153,86.65,81.54,Single,Male,2,High School,Yes
Yes,5,18,Support,5.1,45226.58,2,174,93.89,84.79,Divorced,Other,5,PhD,No
Yes,2,12,Engineer,9.2,133929.46,0,125,73.14,34.39,Single,Female,3,High School,No
Yes,4,3,HR,10.3,59961.27,5,249,67.94,46.92,Single,Female,2,Bachelor's,Yes
Yes,5,13,Marketing,5.1,115367.38,9,163,65.27,0.83,Divorced,Female,3,High School,No
No,2,2,HR,4.9,129417.82,3,151,77.58,92.21,Single,Other,5,Master's,No
Yes,3,14,Marketing,2.6,121376.83,0,213,58.79,94.7,Married,Other,1,High School,No
Yes,3,1,Sales,10.1,111148.15,4,129,80.33,47.71,Single,Other,1,PhD,Yes
No,3,15,Manager,3.7,88735.05,0,216,92.09,0.91,Married,Male,1,Bachelor's,No
Yes,1,3,Manager,4.9,99291.06,7,185,92.94,43.04,Divorced,Male,1,PhD,Yes
Yes,3,11,Support,1.4,62246.06,8,132,57.0,29.29,Single,Male,4,Master's,No
Yes,4,19,HR,14.3,79707.01,5,132,76.93,23.12,Married,Female,1,High School,Yes
No,1,14,Engineer,13.3,84239.01,9,147,63.16,0.72,Married,Female,5,Master's,No
Yes,3,19,Marketing,13.7,106035.33,3,125,94.32,37.36,Married,Other,1,High School,No
No,1,13,Manager,9.6,135615.01,2,132,53.82,41.17,Single,Female,4,Bachelor's,No
No,4,14,Support,6.7,41171.37,1,149,53.77,56.06,Married,Female,3,Bachelor's,No
No,4,10,HR,7.7,91873.62,3,226,50.93,39.48,Single,Male,2,Master's,Yes
No,5,4,Engineer,14.6,63387.08,10,233,75.36,16.33,Divorced,Other,3,Bachelor's,Yes
No,1,13,Sales,14.2,142360.33,3,217,51.56,73.71,Divorced,Male,3,High School,No
Yes,0,1,Engineer,10.2,74288.54,4,151,79.09,38.97,Single,Female,2,High School,Yes
No,2,11,Sales,11.9,144030.49,8,184,70.26,37.84,Single,Male,1,PhD,Yes
No,3,6,HR,5.1,69274.71,0,241,79.5,26.3,Divorced,Other,1,High School,Yes
No,2,20,Engineer,6.5,30296.77,3,159,95.32,42.22,Divorced,Female,5,PhD,No
Yes,4,15,Support,2.7,122896.23,9,172,77.58,23.96,Married,Other,1,Bachelor's,Yes
No,2,12,HR,6.0,117926.88,6,122,77.17,76.45,Divorced,Female,1,PhD,Yes
No,0,3,Sales,11.4,117711.83,5,197,99.94,91.0,Married,Female,5,Master's,No
Yes,2,14,Support,7.4,85013.91,2,227,73.61,80.76,Divorced,Female,2,High School,Yes
No,5,4,Manager,12.8,109697.26,2,145,88.76,68.46,Divorced,Other,5,Master's,No
No,2,8,Support,4.9,72986.73,3,189,68.29,28.47,Single,Male,1,PhD,No
Yes,4,14,Manager,10.8,37599.68,9,155,61.17,74.29,Divorced,Other,1,Bachelor's,Yes
No,4,19,Support,12.2,94130.94,5,227,88.61,80.88,Divorced,Female,1,PhD,Yes
Yes,5,13,Sales,13.8,56139.59,5,146,86.66,41.29,Divorced,Other,5,Master's,No
No,3,17,Marketing,8.7,81557.17,9,250,64.55,85.35,Single,Other,2,PhD,Yes
No,1,3,Marketing,14.5,55422.18,0,150,73.24,18.24,Married,Other,4,Master's,No
No,3,13,Manager,8.6,62224.42,5,192,75.52,28.96,Divorced,Female,5,High School,No
Yes,4,10,Manager,2.4,129401.23,9,149,69.84,63.69,Divorced,Other,2,Master's,Yes
Yes,3,11,Engineer,4.0,70530.62,9,147,75.11,61.77,Divorced,Other,1,Master's,Yes
Yes,2,8,Support,3.4,99352.04,2,247,83.13,27.21,Single,Male,2,Master's,Yes
Yes,2,11,Support,9.9,97937.05,9,170,92.4,62.28,Married,Male,3,Master's,No
No,4,6,Support,13.9,88240.55,3,171,90.33,18.78,Single,Other,3,PhD,No
Yes,4,3,Support,12.8,71248.75,7,187,80.7,1.94,Single,Other,4,High School,No
Yes,3,17,Engineer,1.8,111906.23,8,171,58.29,4.96,Married,Female,1,Bachelor's,Yes
Yes,3,4,Manager,11.0,35809.11,4,211,75.71,53.5,Single,Female,4,PhD,No
No,2,17,Marketing,3.3,41948.97,2,224,72.31,18.59,Divorced,Male,3,PhD,Yes
No,1,17,Engineer,4.4,124066.77,7,195,58.96,10.23,Divorced,Male,4,PhD,No
No,5,7,Sales,10.3,85149.81,0,161,97.44,26.92,Married,Female,3,Master's,No
No,1,12,Engineer,9.2,44908.46,1,130,82.97,71.52,Single,Male,3,Bachelor's,No
No,4,12,Engineer,13.2,132918.19,0,247,98.39,72.71,Married,Female,2,PhD,Yes
Yes,3,5,Engineer,3.2,82954.31,3,173,86.8,23.28,Divorced,Female,1,PhD,No
Yes,1,8,HR,11.5,30081.11,9,243,74.18,15.07,Single,Other,3,Bachelor's,Yes
No,3,4,Sales,11.0,144963.81,3,204,67.94,49.36,Single,Other,1,High School,No
No,0,5,Manager,8.6,54278.18,0,180,60.94,34.19,Married,Male,4,Bachelor's,No
Yes,2,9,Marketing,7.5,112631.03,8,120,74.38,31.16,Divorced,Other,4,Bachelor's,No
No,5,7,Marketing,13.1,45829.57,7,123,53.14,79.95,Married,Other,3,Master's,No
No,3,6,Manager,5.3,107999.66,0,142,68.47,99.8,Divorced,Female,1,PhD,No
Yes,5,20,HR,14.4,49077.3,5,148,52.14,46.37,Divorced,Male,3,Master's,No
No,3,5,Marketing,0.7,141927.07,9,246,60.34,79.14,Married,Other,3,High School,Yes
No,3,3,Engineer,14.1,62882.33,3,158,95.39,33.02,Single,Male,2,PhD,No
No,5,6,Marketing,14.5,108550.56,2,143,68.06,84.35,Single,Female,4,High School,No
No,5,16,Sales,2.2,60046.71,5,250,73.48,95.16,Married,Other,1,High School,Yes
Yes,1,15,Sales,15.0,74621.25,2,139,72.73,5.6,Divorced,Female,4,PhD,No
No,3,19,Manager,7.4,138456.03,5,145,52.32,77.57,Married,Other,2,Master's,Yes
Yes,0,19,HR,4.0,49863.01,0,185,99.03,7.14,Single,Male,5,PhD,No
No,1,15,Support,9.3,77560.99,0,179,66.2,47.01,Married,Female,4,Bachelor's,No
No,4,19,Support,3.5,66661.11,2,236,85.19,19.22,Divorced,Female,2,PhD,Yes
No,4,20,HR,13.8,113932.96,9,195,76.07,84.15,Divorced,Male,4,Bachelor's,No
Yes,2,11,Marketing,8.5,58097.26,2,187,91.48,81.73,Single,Female,1,Bachelor's,No
No,0,11,HR,11.7,108658.23,1,238,91.74,82.83,Married,Male,2,Bachelor's,Yes
No,3,5,HR,6.0,114443.76,8,132,63.17,12.2,Married,Female,5,PhD,No
No,0,15,Marketing,8.2,30130.36,5,145,77.22,76.81,Divorced,Female,4,Master's,No
Yes,4,3,Sales,5.7,87216.8,1,164,58.69,24.9,Divorced,Female,2,PhD,No
No,3,16,Engineer,4.3,45923.98,5,130,82.68,77.12,Single,Male,5,High School,No
Yes,0,15,Manager,7.9,57142.9,10,194,68.26,44.3,Single,Other,1,Master's,Yes
Yes,5,10,Support,7.7,111597.93,6,212,82.67,73.76,Single,Female,4,Master's,No
No,1,9,Sales,1.9,31114.43,9,200,91.77,3.35,Divorced,Male,3,PhD,Yes
Yes,3,19,HR,14.7,113471.65,1,229,75.83,46.08,Married,Male,1,PhD,Yes
Yes,5,2,HR,7.3,128053.08,5,149,68.82,77.1,Divorced,Female,1,Bachelor's,Yes
No,1,12,Support,12.7,148578.59,4,144,95.36,52.11,Divorced,Male,1,High School,Yes
Yes,0,17,Marketing,13.8,80677.67,5,131,75.82,98.21,Single,Male,1,High School,Yes
No,3,3,Manager,5.9,45861.02,2,122,67.64,47.28,Single,Male,5,Bachelor's,No
Yes,2,10,Engineer,6.5,38499.4,2,155,93.39,68.14,Single,Female,3,Master's,No
